{"rouge": {"rouge1": 0.14552068859555445, "rouge2": 0.03765137690098861, "rougeL": 0.09891330993405978, "rougeLsum": 0.09887962912859116}, "bleu": {"bleu": 0.029482551539743336, "precisions": [0.09352219670804474, 0.0338590764246291, 0.01832591356196787, 0.013019815348822277], "brevity_penalty": 1.0, "length_ratio": 3.408742105330583, "translation_length": 3192996, "reference_length": 936708}, "meteor": {"meteor": 0.1417808929772791}, "bertscore": {"precision": 0.787482220431358, "recall": 0.8256527816768287, "f1": 0.8054393205208882, "hashcode": "roberta-large_L17_no-idf_version=0.3.12(hug_trans=4.24.0)"}, "bartscore": -4.245395955207414, "bartscore_precision": -3.0990172213799245, "bartscore_F1": -3.672206588293669}