{
  "rouge": {
    "rouge1": 0.06696187087283939,
    "rouge2": 0.01756213176797954,
    "rougeL": 0.056807462554427826,
    "rougeLsum": 0.05689055309985457
  },
  "bleu": {
    "bleu": 4.7577615655466105e-6,
    "precisions": [
      0.19051390467917684, 0.05461234500613162, 0.031096866096866096,
      0.02324854975457385
    ],
    "brevity_penalty": 9.08490050103333e-5,
    "length_ratio": 0.09702792110648245,
    "translation_length": 78283,
    "reference_length": 806809
  },
  "meteor": { "meteor": 0.037215444857813994 },
  "bertscore": {
    "precision": 0.8447866079958265,
    "recall": 0.7794473152907311,
    "f1": 0.8102133684671962,
    "hashcode": "roberta-large_L17_no-idf_version=0.3.12(hug_trans=4.43.4)"
  }
}
