{
  "rouge": {
    "rouge1": 0.1802252813393856,
    "rouge2": 0.04173015382716324,
    "rougeL": 0.11729251865168697,
    "rougeLsum": 0.13730925326426502
  },
  "bleu": {
    "bleu": 0.01816696251508057,
    "precisions": [
      0.15223755573794073, 0.02901130459533287, 0.007832497184396436,
      0.0031487629859697974
    ],
    "brevity_penalty": 1.0,
    "length_ratio": 1.4509305637399332,
    "translation_length": 236374,
    "reference_length": 162912
  },
  "meteor": { "meteor": 0.17637561184761383 },
  "bertscore": {
    "precision": 0.8099699131954965,
    "recall": 0.8255474241194624,
    "f1": 0.817104726089951,
    "hashcode": "roberta-large_L17_no-idf_version=0.3.12(hug_trans=4.44.2)"
  }
}
