{
  "rouge": {
    "rouge1": 0.1799233578441934,
    "rouge2": 0.0417258623432424,
    "rougeL": 0.11741910426218,
    "rougeLsum": 0.13744229355999232
  },
  "bleu": {
    "bleu": 0.01816696251508057,
    "precisions": [
      0.15223755573794073, 0.02901130459533287, 0.007832497184396436,
      0.0031487629859697974
    ],
    "brevity_penalty": 1.0,
    "length_ratio": 1.4509305637399332,
    "translation_length": 236374,
    "reference_length": 162912
  },
  "meteor": { "meteor": 0.17638829677796947 },
  "bertscore": {
    "precision": 0.809969913801851,
    "recall": 0.8255474247258168,
    "f1": 0.8171047258474092,
    "hashcode": "roberta-large_L17_no-idf_version=0.3.12(hug_trans=4.44.0)"
  }
}
