{
    "rouge": {
        "rouge1": 0.1526270150077656,
        "rouge2": 0.04705541815895785,
        "rougeL": 0.09291064953855435,
        "rougeLsum": 0.11114475848343053
    },
    "bleu": {
        "bleu": 0.03908775065338251,
        "precisions": [
            0.11561381676272874,
            0.043145080330126706,
            0.024681024940375773,
            0.01896088067956882
        ],
        "brevity_penalty": 1.0,
        "length_ratio": 3.5247760002677215,
        "translation_length": 2843821,
        "reference_length": 806809
    },
    "meteor": {
        "meteor": 0.1758393869721399
    },
    "bertscore": {
        "precision": 0.7874461316547771,
        "recall": 0.8371403419274804,
        "f1": 0.8111252423168758,
        "hashcode": "roberta-large_L17_no-idf_version=0.3.12(hug_trans=4.44.0)"
    }
}