{
    "rouge": {
        "rouge1": 0.16648759312920386,
        "rouge2": 0.03409948357088394,
        "rougeL": 0.10027657243550518,
        "rougeLsum": 0.12221504388626656
    },
    "bleu": {
        "bleu": 0.018748405907262143,
        "precisions": [
            0.14485083076598995,
            0.028003132383863347,
            0.008314523194413576,
            0.0036634682924500638
        ],
        "brevity_penalty": 1.0,
        "length_ratio": 1.8357541871744119,
        "translation_length": 1481103,
        "reference_length": 806809
    },
    "meteor": {
        "meteor": 0.1798711877571514
    },
    "bertscore": {
        "precision": 0.8052477344090767,
        "recall": 0.8254389725982039,
        "f1": 0.8147565803054976,
        "hashcode": "roberta-large_L17_no-idf_version=0.3.12(hug_trans=4.40.0)"
    }
}