{
    "rouge": {
        "rouge1": 0.20063773727413037,
        "rouge2": 0.049239850460752785,
        "rougeL": 0.13943184291247707,
        "rougeLsum": 0.14581357908079556
    },
    "bleu": {
        "bleu": 0.010573442460192387,
        "precisions": [
            0.26125409193331645,
            0.05541458913710808,
            0.019763889639112457,
            0.00974336482642252
        ],
        "brevity_penalty": 0.258761258902133,
        "length_ratio": 0.42519728956915454,
        "translation_length": 343053,
        "reference_length": 806809
    },
    "meteor": {
        "meteor": 0.15809925686014348
    },
    "bertscore": {
        "precision": 0.853166825415476,
        "recall": 0.822646518074988,
        "f1": 0.8370342432445238,
        "hashcode": "roberta-large_L17_no-idf_version=0.3.12(hug_trans=4.40.0)"
    }
}