{"rouge": {"rouge1": 0.1997465312358198, "rouge2": 0.0473328991108863, "rougeL": 0.1378627522305475, "rougeLsum": 0.14482615806435448}, "bleu": {"bleu": 0.010822543539660995, "precisions": [0.2628388642206123, 0.057290200204502005, 0.020887846251015068, 0.010867740212165152], "brevity_penalty": 0.2516973445173665, "length_ratio": 0.42025142408171284, "translation_length": 68464, "reference_length": 162912}, "meteor": {"meteor": 0.15823952973393232}, "bertscore": {"precision": 0.8528179979275833, "recall": 0.8222165931156427, "f1": 0.8366469445572986, "hashcode": "roberta-large_L17_no-idf_version=0.3.12(hug_trans=4.44.2)"}}