{
  "rouge": {
    "rouge1": 0.15555715161457273,
    "rouge2": 0.04514105820021193,
    "rougeL": 0.10209644867671348,
    "rougeLsum": 0.11918688126229232
  },
  "bleu": {
    "bleu": 0.029968628536110993,
    "precisions": [
      0.12789396395953773, 0.034098466540588915, 0.016138858397365532,
      0.011460663645344054
    ],
    "brevity_penalty": 1.0,
    "length_ratio": 2.248858279316441,
    "translation_length": 366366,
    "reference_length": 162912
  },
  "meteor": { "meteor": 0.1791916099638354 },
  "bertscore": {
    "precision": 0.7928824108226618,
    "recall": 0.8191601761360013,
    "f1": 0.8053894280659704,
    "hashcode": "roberta-large_L17_no-idf_version=0.3.12(hug_trans=4.44.2)"
  }
}
