epoch,loss
1,2.091158866882324
2,2.299950361251831
3,2.7697553634643555
4,3.0701704025268555
5,3.426597833633423
6,3.5987725257873535
7,3.7826650142669678
8,3.9490842819213867
9,4.322680950164795
10,4.625046730041504
