{
    "rouge": {
        "rouge1": 0.2966886351904983,
        "rouge2": 0.16178449599665107,
        "rougeL": 0.2726662725707087,
        "rougeLsum": 0.2727046134829139
    },
    "bleu": {
        "bleu": 0.05607416798341605,
        "precisions": [
            0.23814494315184573,
            0.12630229021494882,
            0.10185812167885139,
            0.088719413103032
        ],
        "brevity_penalty": 0.4367129898875974,
        "length_ratio": 0.5469026222746023,
        "translation_length": 89097,
        "reference_length": 162912
    },
    "meteor": {
        "meteor": 0.20506715165365863
    },
    "bertscore": {
        "precision": 0.8717816932882928,
        "recall": 0.8418081054731158,
        "f1": 0.8554657583682971,
        "hashcode": "roberta-large_L17_no-idf_version=0.3.12(hug_trans=4.40.0)"
    }
}