{
    "rouge": {
        "rouge1": 0.2975047783488935,
        "rouge2": 0.1615716194866785,
        "rougeL": 0.2724898474025682,
        "rougeLsum": 0.2729059984064332
    },
    "bleu": {
        "bleu": 0.04859814473235988,
        "precisions": [
            0.2740607341867961,
            0.14697406340057637,
            0.11955051364129489,
            0.10468241042345276
        ],
        "brevity_penalty": 0.3243332846917571,
        "length_ratio": 0.4703705067766647,
        "translation_length": 76629,
        "reference_length": 162912
    },
    "meteor": {
        "meteor": 0.2063270544856471
    },
    "bertscore": {
        "precision": 0.8729037191351214,
        "recall": 0.8418838944464224,
        "f1": 0.8561418114091712,
        "hashcode": "roberta-large_L17_no-idf_version=0.3.12(hug_trans=4.40.0)"
    }
}