{"rouge": {"rouge1": 0.2900607864740956, "rouge2": 0.17139149285563782, "rougeL": 0.2572398071345152, "rougeLsum": 0.2504193148446441}, "bleu": {"bleu": 0.08503170004493886, "precisions": [0.20299556059579293, 0.0942693429691362, 0.07254220178341092, 0.062471323192037555], "brevity_penalty": 0.8811477721125673, "length_ratio": 0.8876816931840503, "translation_length": 144614, "reference_length": 162912}, "meteor": {"meteor": 0.24296276026490649}, "bertscore": {"precision": 0.8557198324741934, "recall": 0.841346888551877, "f1": 0.8472921937431227, "hashcode": "roberta-large_L17_no-idf_version=0.3.12(hug_trans=4.43.4)"}}