{"rouge": {"rouge1": 0.2774706115142481, "rouge2": 0.16518048464662644, "rougeL": 0.24730495758659757, "rougeLsum": 0.2418851712499851}, "bleu": {"bleu": 0.08196261401656979, "precisions": [0.18155342330394986, 0.08498151722333082, 0.06561792129800348, 0.056454338792309273], "brevity_penalty": 0.942656836951458, "length_ratio": 0.9442398350029464, "translation_length": 153828, "reference_length": 162912}, "meteor": {"meteor": 0.2390528395756706}, "bertscore": {"precision": 0.8504337808486768, "recall": 0.8403167849518397, "f1": 0.8438977472415897, "hashcode": "roberta-large_L17_no-idf_version=0.3.12(hug_trans=4.43.4)"}}