{
    "rouge": {
        "rouge1": 0.11241445142875423,
        "rouge2": 0.03424877740923833,
        "rougeL": 0.06855821425364139,
        "rougeLsum": 0.06865223937803333
    },
    "bleu": {
        "bleu": 0.028516913980918174,
        "precisions": [
            0.08573285451800773,
            0.03275123702160083,
            0.017768663875055286,
            0.013255018505270954
        ],
        "brevity_penalty": 1.0,
        "length_ratio": 5.355228589668042,
        "translation_length": 872431,
        "reference_length": 162912
    },
    "meteor": {
        "meteor": 0.1577323561337415
    },
    "bertscore": {
        "precision": 0.7888428825934324,
        "recall": 0.8403138181200348,
        "f1": 0.813258905134269,
        "hashcode": "roberta-large_L17_no-idf_version=0.3.12(hug_trans=4.40.0)"
    }
}