{"rouge": {"rouge1": 0.23457526585030503, "rouge2": 0.07274822090525071, "rougeL": 0.16007816214079051, "rougeLsum": 0.16021588476651452}, "bleu": {"bleu": 0.06734331370777359, "precisions": [0.3090443983643728, 0.1206135845586437, 0.08172981943182267, 0.06830718282744656], "brevity_penalty": 0.5606973182961923, "length_ratio": 0.63348310744451, "translation_length": 103202, "reference_length": 162912}, "meteor": {"meteor": 0.18516646059692848}, "bertscore": {"precision": 0.8429563998690942, "recall": 0.8341858763539537, "f1": 0.8378080073232447, "hashcode": "roberta-large_L17_no-idf_version=0.3.12(hug_trans=4.44.2)"}}