{
  "rouge": {
    "rouge1": 0.13901068402651362,
    "rouge2": 0.047503645234525785,
    "rougeL": 0.08911921324047373,
    "rougeLsum": 0.08909828935708586
  },
  "bleu": {
    "bleu": 0.04422269901728354,
    "precisions": [
      0.11639310812024062, 0.04926735794330485, 0.02939216132608628,
      0.022691485034183213
    ],
    "brevity_penalty": 1.0,
    "length_ratio": 3.7603430072677275,
    "translation_length": 612605,
    "reference_length": 162912
  },
  "meteor": { "meteor": 0.18217883017323364 },
  "bertscore": {
    "precision": 0.7919518239379293,
    "recall": 0.8478197446310872,
    "f1": 0.8183565732178829,
    "hashcode": "roberta-large_L17_no-idf_version=0.3.12(hug_trans=4.43.4)"
  }
}
