{"rouge": {"rouge1": 0.10857887012522688, "rouge2": 0.04362585916760321, "rougeL": 0.07460913166835625, "rougeLsum": 0.07836060417400689}, "bleu": {"bleu": 0.015510317565105037, "precisions": [0.03800723737069754, 0.016437901387321485, 0.01075591858945835, 0.008612368007023745], "brevity_penalty": 1.0, "length_ratio": 10.840889560007858, "translation_length": 1766111, "reference_length": 162912}, "meteor": {"meteor": 0.14051344709748592}, "bertscore": {"precision": 0.6742346541442561, "recall": 0.7873363907800444, "f1": 0.7252881052171468, "hashcode": "roberta-large_L17_no-idf_version=0.3.12(hug_trans=4.43.4)"}}