{"train/loss": 0.0367, "train/grad_norm": 0.8033257722854614, "train/learning_rate": 0.0, "train/epoch": 2.0, "train/global_step": 58, "_timestamp": 1723196377.8079658, "_runtime": 93.40544176101685, "_step": 123, "eval/loss": 0.5417672991752625, "eval/runtime": 0.4637, "eval/samples_per_second": 21.568, "eval/steps_per_second": 21.568, "train_runtime": 71.6946, "train_samples_per_second": 0.809, "train_steps_per_second": 0.809, "total_flos": 39715926441984.0, "train_loss": 0.600798513214425, "_wandb": {"runtime": 92}}