epoch,loss
1,0.6725974678993225
2,0.658416211605072
3,0.6503741145133972
4,0.6453824043273926
5,0.6428992748260498
6,0.6405320763587952
7,0.6394631266593933
8,0.6370932459831238
9,0.6372036337852478
10,0.6367853283882141