{"rouge": {"rouge1": 0.30950231355057783, "rouge2": 0.1776432983727117, "rougeL": 0.2509299445918616, "rougeLsum": 0.26722824108497123}, "bleu": {"bleu": 0.10236964990290608, "precisions": [0.3187802032994501, 0.15570260801868432, 0.11883662195568169, 0.10348428918699919], "brevity_penalty": 0.6512807332679499, "length_ratio": 0.6998809173050481, "translation_length": 114019, "reference_length": 162912}, "meteor": {"meteor": 0.28034778046263514}, "bertscore": {"precision": 0.8381974974217031, "recall": 0.8482927613316572, "f1": 0.8426761770903276, "hashcode": "roberta-large_L17_no-idf_version=0.3.12(hug_trans=4.44.2)"}}