{"rouge": {"rouge1": 0.25020791059226966, "rouge2": 0.11044529493403711, "rougeL": 0.18611483623238712, "rougeLsum": 0.20831292184969996}, "bleu": {"bleu": 0.0544324513699781, "precisions": [0.19957908703061913, 0.05697771387491014, 0.03184068667144807, 0.024245385640077017], "brevity_penalty": 1.0, "length_ratio": 1.0733279316440778, "translation_length": 174858, "reference_length": 162912}, "meteor": {"meteor": 0.23082507351929932}, "bertscore": {"precision": 0.8172829242106735, "recall": 0.839025962389134, "f1": 0.8275842080887554, "hashcode": "roberta-large_L17_no-idf_version=0.3.12(hug_trans=4.44.2)"}}