{"rouge": {"rouge1": 0.30568675093220127, "rouge2": 0.17621150897233762, "rougeL": 0.2543341560444504, "rougeLsum": 0.26529871204203404}, "bleu": {"bleu": 0.10151083165407926, "precisions": [0.30947046666319317, 0.1518546091526166, 0.11677503710509576, 0.10163177641722143], "brevity_penalty": 0.6605500141046393, "length_ratio": 0.7068724219210372, "translation_length": 115158, "reference_length": 162912}, "meteor": {"meteor": 0.27448039721259054}, "bertscore": {"precision": 0.8368594632507704, "recall": 0.8476173772210386, "f1": 0.841677323605255, "hashcode": "roberta-large_L17_no-idf_version=0.3.12(hug_trans=4.44.2)"}}