{"rouge": {"rouge1": 0.29947620551716386, "rouge2": 0.1702967938109025, "rougeL": 0.24665575452566693, "rougeLsum": 0.2559208019765278}, "bleu": {"bleu": 0.10561672587353889, "precisions": [0.2844254141929067, 0.13549619815036687, 0.10364746918354141, 0.09026921700401638], "brevity_penalty": 0.7664507060105319, "length_ratio": 0.7898988410921234, "translation_length": 128684, "reference_length": 162912}, "meteor": {"meteor": 0.27379874172327195}, "bertscore": {"precision": 0.8327530445426794, "recall": 0.8458166319501728, "f1": 0.8387261822531692, "hashcode": "roberta-large_L17_no-idf_version=0.3.12(hug_trans=4.44.2)"}}