{
  "rouge": {
    "rouge1": 0.2672507694556381,
    "rouge2": 0.1528955750081702,
    "rougeL": 0.24651027658095911,
    "rougeLsum": 0.2464187542037479
  },
  "bleu": {
    "bleu": 0.03655257909795844,
    "precisions": [
      0.20403238269594265, 0.08824095458044649, 0.07001485015945663,
      0.06002069679199724
    ],
    "brevity_penalty": 0.3919249410503398,
    "length_ratio": 0.5163462482812807,
    "translation_length": 84119,
    "reference_length": 162912
  },
  "meteor": { "meteor": 0.19362385073764032 },
  "bertscore": {
    "precision": 0.8543664345542388,
    "recall": 0.8342471277968444,
    "f1": 0.8431512210764454,
    "hashcode": "roberta-large_L17_no-idf_version=0.3.12(hug_trans=4.43.4)"
  }
}
