{
  "rouge": {
    "rouge1": 0.5163943156727062,
    "rouge2": 0.4371102519108545,
    "rougeL": 0.502795086559619,
    "rougeLsum": 0.501242042393329
  },
  "bleu": {
    "bleu": 0.2244550301586907,
    "precisions": [
      0.4016300166688037, 0.3091332057091623, 0.27614170215191214,
      0.25131113500381647
    ],
    "brevity_penalty": 0.7367165991047451,
    "length_ratio": 0.7659595364368493,
    "translation_length": 124784,
    "reference_length": 162912
  },
  "meteor": { "meteor": 0.45379824633500676 },
  "bertscore": {
    "precision": 0.8965647127839338,
    "recall": 0.8860494963756534,
    "f1": 0.8904709607393065,
    "hashcode": "roberta-large_L17_no-idf_version=0.3.12(hug_trans=4.43.4)"
  }
}
