{"rouge": {"rouge1": 0.2374283561778771, "rouge2": 0.12880338893006307, "rougeL": 0.21365338429858072, "rougeLsum": 0.21424860539155632}, "bleu": {"bleu": 0.052205637856668013, "precisions": [0.16672199420569772, 0.06104392639155981, 0.046201916081452604, 0.039499371127418074], "brevity_penalty": 0.7952359873802508, "length_ratio": 0.8135926144175997, "translation_length": 132544, "reference_length": 162912}, "meteor": {"meteor": 0.1836783807052581}, "bertscore": {"precision": 0.8374225181335108, "recall": 0.8319537369790179, "f1": 0.8336853772432128, "hashcode": "roberta-large_L17_no-idf_version=0.3.12(hug_trans=4.43.4)"}}