{
  "rouge": {
    "rouge1": 0.49366311230115356,
    "rouge2": 0.4149991653945885,
    "rougeL": 0.48202808108749606,
    "rougeLsum": 0.48200620954183016
  },
  "bleu": {
    "bleu": 0.22137371059765118,
    "precisions": [
      0.38553962074988446, 0.29567448101665483, 0.26428497561829306,
      0.24045122185876466
    ],
    "brevity_penalty": 0.7588054896489375,
    "length_ratio": 0.7836930367314869,
    "translation_length": 127673,
    "reference_length": 162912
  },
  "meteor": { "meteor": 0.4307205593132481 },
  "bertscore": {
    "precision": 0.8904564934853741,
    "recall": 0.8820494800836364,
    "f1": 0.8853274808774038,
    "hashcode": "roberta-large_L17_no-idf_version=0.3.12(hug_trans=4.43.4)"
  }
}
