{"rouge": {"rouge1": 0.14260200382361646, "rouge2": 0.058915452769556925, "rougeL": 0.10661587235382125, "rougeLsum": 0.10667361428308163}, "bleu": {"bleu": 0.05192974538218305, "precisions": [0.11977229037993073, 0.05471569512496708, 0.03680387116529811, 0.030151088503345747], "brevity_penalty": 1.0, "length_ratio": 3.0590380082498525, "translation_length": 498354, "reference_length": 162912}, "meteor": {"meteor": 0.18212653353559585}, "bertscore": {"precision": 0.7744422356691875, "recall": 0.8532995377891789, "f1": 0.8109615530633004, "hashcode": "roberta-large_L17_no-idf_version=0.3.12(hug_trans=4.44.0)"}}