{"rouge": {"rouge1": 0.3145317419710809, "rouge2": 0.18829977114593643, "rougeL": 0.2755458640706686, "rougeLsum": 0.27498784745003385}, "bleu": {"bleu": 0.06911445550188922, "precisions": [0.3613225233726084, 0.18941679235796882, 0.15043842345724576, 0.13248447044874603], "brevity_penalty": 0.35963303315414047, "length_ratio": 0.4943957473973679, "translation_length": 80543, "reference_length": 162912}, "meteor": {"meteor": 0.260834577577644}, "bertscore": {"precision": 0.8493707058145944, "recall": 0.8473608585364457, "f1": 0.8478049071371131, "hashcode": "roberta-large_L17_no-idf_version=0.3.12(hug_trans=4.44.2)"}}