{"train/loss": 1.9456, "train/grad_norm": 1.476051926612854, "train/learning_rate": 0.0, "train/epoch": 20.0, "train/global_step": 14740, "_timestamp": 1723406826.6944106, "_runtime": 10208.79747056961, "_step": 29523, "eval/loss": 0.8016587495803833, "eval/runtime": 71.3189, "eval/samples_per_second": 13.783, "eval/steps_per_second": 3.449, "train_runtime": 9981.4088, "train_samples_per_second": 5.903, "train_steps_per_second": 1.477, "total_flos": 4.034590320623616e+16, "train_loss": 0.7439633769923907, "_wandb": {"runtime": 10134}}