{
    "rouge": {
        "rouge1": 0.19960606814511078,
        "rouge2": 0.047307202086737374,
        "rougeL": 0.13812395871205643,
        "rougeLsum": 0.14460306120534422
    },
    "bleu": {
        "bleu": 0.010822543539660995,
        "precisions": [
            0.2628388642206123,
            0.057290200204502005,
            0.020887846251015068,
            0.010867740212165152
        ],
        "brevity_penalty": 0.2516973445173665,
        "length_ratio": 0.42025142408171284,
        "translation_length": 68464,
        "reference_length": 162912
    },
    "meteor": {
        "meteor": 0.15824041414533974
    },
    "bertscore": {
        "precision": 0.8528179949564463,
        "recall": 0.82221659208484,
        "f1": 0.8366469432233188,
        "hashcode": "roberta-large_L17_no-idf_version=0.3.12(hug_trans=4.40.0)"
    }
}