{"train/loss": 0.7092, "train/grad_norm": 9.07436752319336, "train/learning_rate": 0.0, "train/epoch": 2.0, "train/global_step": 16, "_timestamp": 1723221030.2484152, "_runtime": 49.978259325027466, "_step": 39, "eval/loss": 1.4025171995162964, "eval/runtime": 0.878, "eval/samples_per_second": 11.39, "eval/steps_per_second": 3.417, "train_runtime": 44.056, "train_samples_per_second": 1.317, "train_steps_per_second": 0.363, "total_flos": 10781649272832.0, "train_loss": 2.346920520067215, "_wandb": {"runtime": 49}}