{"train/loss": 2.3796, "train/grad_norm": 9.060661315917969, "train/learning_rate": 1.8750000000000002e-05, "train/epoch": 20.0, "train/global_step": 160, "_timestamp": 1720983278.6933653, "_runtime": 91.19230937957764, "_step": 7, "eval/loss": 4.396583080291748, "eval/runtime": 0.8854, "eval/samples_per_second": 11.294, "eval/steps_per_second": 1.129, "train_runtime": 81.6155, "train_samples_per_second": 7.106, "train_steps_per_second": 1.96, "total_flos": 303098757120000.0, "train_loss": 1.9253509044647217, "_wandb": {"runtime": 90}}