{"train/loss": 3.2488, "train/grad_norm": 5.547720909118652, "train/learning_rate": 4.75e-05, "train/epoch": 1.0, "train/global_step": 737, "_timestamp": 1721043164.0170746, "_runtime": 316.39826369285583, "_step": 1473, "_wandb": {"runtime": 316}}