{"rouge": {"rouge1": 0.3107611275908899, "rouge2": 0.18790792810636464, "rougeL": 0.2739192783220036, "rougeLsum": 0.27235330474982705}, "bleu": {"bleu": 0.07205834572466994, "precisions": [0.35094307725746854, 0.18741063899989002, 0.14957698396991886, 0.13123395730294873], "brevity_penalty": 0.3801445845706923, "length_ratio": 0.5083357886466313, "translation_length": 82814, "reference_length": 162912}, "meteor": {"meteor": 0.26018305848551926}, "bertscore": {"precision": 0.8476847673966222, "recall": 0.8467604165038403, "f1": 0.846642579030651, "hashcode": "roberta-large_L17_no-idf_version=0.3.12(hug_trans=4.44.2)"}}