{"rouge": {"rouge1": 0.29897383210150896, "rouge2": 0.17021998433511695, "rougeL": 0.24838055264731423, "rougeLsum": 0.25784031368544036}, "bleu": {"bleu": 0.102480296975805, "precisions": [0.3010752688172043, 0.1463563267033432, 0.11206227009311495, 0.09713902086345796], "brevity_penalty": 0.6924771462204543, "length_ratio": 0.7312720978196818, "translation_length": 119133, "reference_length": 162912}, "meteor": {"meteor": 0.2676030111975102}, "bertscore": {"precision": 0.8349398843875858, "recall": 0.8458574155339874, "f1": 0.8398107466110741, "hashcode": "roberta-large_L17_no-idf_version=0.3.12(hug_trans=4.44.2)"}}