{"rouge": {"rouge1": 0.27657264881518073, "rouge2": 0.14573188408632196, "rougeL": 0.21837732362423587, "rougeLsum": 0.23027864693447628}, "bleu": {"bleu": 0.09401477902235045, "precisions": [0.2610582552180101, 0.10905907601942844, 0.07589663384637259, 0.06385217851978064], "brevity_penalty": 0.8674546110565446, "length_ratio": 0.8755094775093302, "translation_length": 142631, "reference_length": 162912}, "meteor": {"meteor": 0.24962809294154165}, "bertscore": {"precision": 0.8261947814954989, "recall": 0.8416697801917883, "f1": 0.8333566339188165, "hashcode": "roberta-large_L17_no-idf_version=0.3.12(hug_trans=4.44.2)"}}