{"rouge": {"rouge1": 0.30266228556861463, "rouge2": 0.17283180978176055, "rougeL": 0.24983430789851097, "rougeLsum": 0.2601570560918602}, "bleu": {"bleu": 0.10377423983832784, "precisions": [0.29008464809442436, 0.13764900025634452, 0.10444169916591979, 0.0904481304836163], "brevity_penalty": 0.7446406285104203, "length_ratio": 0.7722881064623845, "translation_length": 125815, "reference_length": 162912}, "meteor": {"meteor": 0.275847675710169}, "bertscore": {"precision": 0.8342852522131142, "recall": 0.8463885821136793, "f1": 0.8397345169999714, "hashcode": "roberta-large_L17_no-idf_version=0.3.12(hug_trans=4.44.2)"}}