{"rouge": {"rouge1": 0.30415675072376647, "rouge2": 0.16926678373943527, "rougeL": 0.24466157479697004, "rougeLsum": 0.260720089942966}, "bleu": {"bleu": 0.1051659445507828, "precisions": [0.2976244660039126, 0.14113253710201848, 0.10580113410508725, 0.09169487921757193], "brevity_penalty": 0.7401884957414311, "length_ratio": 0.7687279021803182, "translation_length": 125235, "reference_length": 162912}, "meteor": {"meteor": 0.2807699622681162}, "bertscore": {"precision": 0.8345608489316938, "recall": 0.8477175737203441, "f1": 0.8405560235040962, "hashcode": "roberta-large_L17_no-idf_version=0.3.12(hug_trans=4.44.2)"}}