{"rouge": {"rouge1": 0.30181404215109614, "rouge2": 0.1693785927265936, "rougeL": 0.24539551994647674, "rougeLsum": 0.25812264951402514}, "bleu": {"bleu": 0.10556771522283155, "precisions": [0.2966485111119946, 0.14041288006282956, 0.10613979111301383, 0.09155973163105784], "brevity_penalty": 0.7442573929414488, "length_ratio": 0.7719811923001375, "translation_length": 125765, "reference_length": 162912}, "meteor": {"meteor": 0.2778750578105244}, "bertscore": {"precision": 0.8339208505160932, "recall": 0.8473173382323489, "f1": 0.8400367918601478, "hashcode": "roberta-large_L17_no-idf_version=0.3.12(hug_trans=4.44.2)"}}