{"rouge": {"rouge1": 0.31373539758717117, "rouge2": 0.1911464539761429, "rougeL": 0.27831680555002986, "rougeLsum": 0.27714656071549104}, "bleu": {"bleu": 0.06538091397449627, "precisions": [0.38097013931434964, 0.20797851522962524, 0.1672821270310192, 0.1484480057671246], "brevity_penalty": 0.3104328395398309, "length_ratio": 0.46087458259673936, "translation_length": 75082, "reference_length": 162912}, "meteor": {"meteor": 0.2636032842374287}, "bertscore": {"precision": 0.8501818543896913, "recall": 0.847749008045798, "f1": 0.8484023930703878, "hashcode": "roberta-large_L17_no-idf_version=0.3.12(hug_trans=4.44.2)"}}