{"rouge": {"rouge1": 0.16588112977408564, "rouge2": 0.056889052070061605, "rougeL": 0.11414113555244015, "rougeLsum": 0.11417735887446101}, "bleu": {"bleu": 0.03337929999255351, "precisions": [0.1279866399161005, 0.033068219814639636, 0.01924168171266443, 0.015243700908471693], "brevity_penalty": 1.0, "length_ratio": 2.153899037517187, "translation_length": 350896, "reference_length": 162912}, "meteor": {"meteor": 0.20114586486794678}, "bertscore": {"precision": 0.7932802668544308, "recall": 0.8285164102411706, "f1": 0.8101736310175938, "hashcode": "roberta-large_L17_no-idf_version=0.3.12(hug_trans=4.44.0)"}}