{"rouge": {"rouge1": 0.1653905911309343, "rouge2": 0.05649782818303062, "rougeL": 0.11399310588957559, "rougeLsum": 0.11377513262665365}, "bleu": {"bleu": 0.03323653426354072, "precisions": [0.1283484366023563, 0.0329174025071654, 0.019083869731467046, 0.015134927382630064], "brevity_penalty": 1.0, "length_ratio": 2.126258348065213, "translation_length": 346393, "reference_length": 162912}, "meteor": {"meteor": 0.19969464401655682}, "bertscore": {"precision": 0.793490746499078, "recall": 0.8280843029429688, "f1": 0.8100487902108675, "hashcode": "roberta-large_L17_no-idf_version=0.3.12(hug_trans=4.44.0)"}}