{
  "rouge": {
    "rouge1": 0.5170021528545095,
    "rouge2": 0.43758657954193314,
    "rougeL": 0.5029170257924491,
    "rougeLsum": 0.5027805552321335
  },
  "bleu": {
    "bleu": 0.2244550301586907,
    "precisions": [
      0.4016300166688037, 0.3091332057091623, 0.27614170215191214,
      0.25131113500381647
    ],
    "brevity_penalty": 0.7367165991047451,
    "length_ratio": 0.7659595364368493,
    "translation_length": 124784,
    "reference_length": 162912
  },
  "meteor": { "meteor": 0.45379824633500676 },
  "bertscore": {
    "precision": 0.8965647113893185,
    "recall": 0.886049495648028,
    "f1": 0.8904709593446912,
    "hashcode": "roberta-large_L17_no-idf_version=0.3.12(hug_trans=4.43.4)"
  }
}
