{"rouge": {"rouge1": 0.06239900850023969, "rouge2": 0.002770058269834155, "rougeL": 0.0490822368853312, "rougeLsum": 0.04855011701162633}, "bleu": {"bleu": 0.0, "precisions": [0.29365079365079366, 0.05172413793103448, 0.009174311926605505, 0.0], "brevity_penalty": 6.711415863331494e-07, "length_ratio": 0.06572769953051644, "translation_length": 126, "reference_length": 1917}, "meteor": {"meteor": 0.018283473732445397}, "bertscore": {"precision": 0.8426188945770263, "recall": 0.7708274126052856, "f1": 0.8042344331741333, "hashcode": "roberta-large_L17_no-idf_version=0.3.12(hug_trans=4.43.4)"}}