{"train/loss": 0.26, "train/grad_norm": 0.524911105632782, "train/learning_rate": 0.0, "train/epoch": 20.0, "train/global_step": 200, "_timestamp": 1723554226.873475, "_runtime": 270.54130816459656, "_step": 443, "eval/loss": 1.1166163682937622, "eval/runtime": 0.9729, "eval/samples_per_second": 10.278, "eval/steps_per_second": 4.111, "train_runtime": 255.9099, "train_samples_per_second": 2.266, "train_steps_per_second": 0.782, "total_flos": 397159264419840.0, "train_loss": 0.8433267057384364, "_wandb": {"runtime": 269}}