approach,input_tokens,output_tokens,time
0,124.97,101.0,3.1900309900000003
1,1360.06,167.99,5.79499893
2,141.18,97.22,3.88115924
3,831.53,133.22,46.57054486000001
4,718.42,58.72,2.43171801
