{"train/loss": 1.9593, "train/grad_norm": 1.6695939302444458, "train/learning_rate": 0.0, "train/epoch": 20.0, "train/global_step": 14740, "_timestamp": 1723237882.0991838, "_runtime": 9459.512375831604, "_step": 29523, "eval/loss": 0.7951459288597107, "eval/runtime": 69.5783, "eval/samples_per_second": 14.128, "eval/steps_per_second": 3.536, "train_runtime": 9319.3299, "train_samples_per_second": 6.322, "train_steps_per_second": 1.582, "total_flos": 4.034590320623616e+16, "train_loss": 0.7344432292810089, "_wandb": {"runtime": 9458}}