{"rouge": {"rouge1": 0.14558187168385875, "rouge2": 0.03770901941676673, "rougeL": 0.09898176581479104, "rougeLsum": 0.0990097595916469}, "bleu": {"bleu": 0.0294825607961316, "precisions": [0.09352222599784842, 0.033859087046281364, 0.018325919320330297, 0.013019819446669476], "brevity_penalty": 1.0, "length_ratio": 3.408741037762035, "translation_length": 3192995, "reference_length": 936708}, "meteor": {"meteor": 0.1417808929772791}, "bertscore": {"precision": 0.7874806035050522, "recall": 0.8256526044171075, "f1": 0.8054383343896078, "hashcode": "roberta-large_L17_no-idf_version=0.3.12(hug_trans=4.40.0)"}, "bartscore": {"precision": -3.0990634670400965, "recall": -4.245372279814817, "f1": -5.044284343719482}}