{
    "rouge": {
        "rouge1": 0.043596597445479925,
        "rouge2": 0.008005509604165923,
        "rougeL": 0.03879067179424367,
        "rougeLsum": 0.0387411767652405
    },
    "bleu": {
        "bleu": 0.004420097314997357,
        "precisions": [
            0.0327035086808813,
            0.004309804168228519,
            0.0019333201240122147,
            0.0014007855929621378
        ],
        "brevity_penalty": 1.0,
        "length_ratio": 3.369546422286709,
        "translation_length": 2755423,
        "reference_length": 817743
    },
    "meteor": {
        "meteor": 0.04807844110921408
    },
    "bertscore": {
        "precision": 0.7013507466484802,
        "recall": 0.7885953163739406,
        "f1": 0.7414248122470547,
        "hashcode": "roberta-large_L17_no-idf_version=0.3.12(hug_trans=4.40.0)"
    },
    "bartscore": {
        "precision": -1.048780352105998,
        "recall": -5.153866055071956,
        "f1": -5.140413552522659
    }
}