{
    "rouge": {
        "rouge1": 0.08829087534667812,
        "rouge2": 0.022336844467022575,
        "rougeL": 0.07229270437712632,
        "rougeLsum": 0.07227102093877197
    },
    "bleu": {
        "bleu": 0.009599177028782786,
        "precisions": [
            0.04083502081247784,
            0.00915688948134279,
            0.005381867436196808,
            0.0042191236569371375
        ],
        "brevity_penalty": 1.0,
        "length_ratio": 2.8902552513442488,
        "translation_length": 2363486,
        "reference_length": 817743
    },
    "meteor": {
        "meteor": 0.07067384690590306
    },
    "bertscore": {
        "precision": 0.6899087298036826,
        "recall": 0.7888477297383125,
        "f1": 0.7341140311414546,
        "hashcode": "roberta-large_L17_no-idf_version=0.3.12(hug_trans=4.40.0)"
    },
    "bartscore": {
        "precision": -1.0878131577824102,
        "recall": -4.8271740422465585,
        "f1": -4.706354603171349
    }
}