{
    "rouge": {
        "rouge1": 0.11254844783196974,
        "rouge2": 0.022742569750212507,
        "rougeL": 0.08988105757775064,
        "rougeLsum": 0.08998920155775443
    },
    "bleu": {
        "bleu": 0.01845807428774771,
        "precisions": [
            0.10896937737791365,
            0.02655075593613505,
            0.01331966726930213,
            0.008995853585827267
        ],
        "brevity_penalty": 0.7606889558171072,
        "length_ratio": 0.785218583344645,
        "translation_length": 642107,
        "reference_length": 817743
    },
    "meteor": {
        "meteor": 0.07285248861542418
    },
    "bertscore": {
        "precision": 0.731808079204174,
        "recall": 0.7996872530320678,
        "f1": 0.7630425258116289,
        "hashcode": "roberta-large_L17_no-idf_version=0.3.12(hug_trans=4.40.0)"
    },
    "bartscore": {
        "precision": -2.884759789271788,
        "recall": -4.782863617545426,
        "f1": -5.31240975856781
    }
}