{
    "rouge": {
        "rouge1": 0.1646013242589896,
        "rouge2": 0.04214333680546437,
        "rougeL": 0.12392301489939818,
        "rougeLsum": 0.12390149354330622
    },
    "bleu": {
        "bleu": 0.01894534299202542,
        "precisions": [
            0.07893312311801193,
            0.01943844631078406,
            0.010986873963259461,
            0.007642138610177287
        ],
        "brevity_penalty": 1.0,
        "length_ratio": 1.911165243848006,
        "translation_length": 1562842,
        "reference_length": 817743
    },
    "meteor": {
        "meteor": 0.1174487371133097
    },
    "bertscore": {
        "precision": 0.7938407830276875,
        "recall": 0.8132824304609587,
        "f1": 0.8028691671352194,
        "hashcode": "roberta-large_L17_no-idf_version=0.3.12(hug_trans=4.40.0)"
    },
    "bartscore": -4.462240392607872
}