{
    "rouge": {
        "rouge1": 0.1645097251940906,
        "rouge2": 0.0421351923685294,
        "rougeL": 0.12379332536696347,
        "rougeLsum": 0.1238026284453914
    },
    "bleu": {
        "bleu": 0.01894534299202542,
        "precisions": [
            0.07893312311801193,
            0.01943844631078406,
            0.010986873963259461,
            0.007642138610177287
        ],
        "brevity_penalty": 1.0,
        "length_ratio": 1.911165243848006,
        "translation_length": 1562842,
        "reference_length": 817743
    },
    "meteor": {
        "meteor": 0.1174487371133097
    },
    "bertscore": {
        "precision": 0.7938407829795221,
        "recall": 0.8132824304730001,
        "f1": 0.8028691670027646,
        "hashcode": "roberta-large_L17_no-idf_version=0.3.12(hug_trans=4.40.0)"
    },
    "bartscore": {
        "precision": -3.7661768640291813,
        "recall": -4.462240392607872,
        "f1": -5.303378939628601
    }
}