{"train/loss": 1.4844, "train/grad_norm": 4.575988292694092, "train/learning_rate": 4.594594594594595e-05, "train/epoch": 1.6216216216216215, "train/global_step": 120, "_timestamp": 1720961212.7956436, "_runtime": 127.10162162780762, "_step": 47, "eval/loss": 1.1770540475845337, "eval/runtime": 3.2324, "eval/samples_per_second": 30.318, "eval/steps_per_second": 1.237, "_wandb": {"runtime": 129}}