{
  "rouge": {
    "rouge1": 0.15243979182891843,
    "rouge2": 0.046986986038446865,
    "rougeL": 0.09255367821678198,
    "rougeLsum": 0.11104710896292834
  },
  "bleu": {
    "bleu": 0.04022922283693305,
    "precisions": [
      0.11652439569140541, 0.04457109967782465, 0.025583018247719694,
      0.019712630522441935
    ],
    "brevity_penalty": 1.0,
    "length_ratio": 3.504094234924376,
    "translation_length": 570859,
    "reference_length": 162912
  },
  "meteor": { "meteor": 0.17681920374506296 },
  "bertscore": {
    "precision": 0.7873441630316896,
    "recall": 0.8369055423707468,
    "f1": 0.8109568260450936,
    "hashcode": "roberta-large_L17_no-idf_version=0.3.12(hug_trans=4.44.2)"
  }
}
