{
  "rouge": {
    "rouge1": 0.16733280513602145,
    "rouge2": 0.03484597936508883,
    "rougeL": 0.10140326548759565,
    "rougeLsum": 0.12304269395066236
  },
  "bleu": {
    "bleu": 0.020085773804226752,
    "precisions": [
      0.14674358020096762, 0.029393693543842737, 0.009035980436233838,
      0.004176050249298581
    ],
    "brevity_penalty": 1.0,
    "length_ratio": 1.8142923787075231,
    "translation_length": 295570,
    "reference_length": 162912
  },
  "meteor": { "meteor": 0.18074721475834185 },
  "bertscore": {
    "precision": 0.8053926370757521,
    "recall": 0.8251507008791212,
    "f1": 0.8146994267936155,
    "hashcode": "roberta-large_L17_no-idf_version=0.3.12(hug_trans=4.44.2)"
  }
}
