{
    "rouge": {
        "rouge1": 0.15403819979452515,
        "rouge2": 0.04293240070910126,
        "rougeL": 0.09957544100212488,
        "rougeLsum": 0.11673697837072791
    },
    "bleu": {
        "bleu": 0.026591733884501596,
        "precisions": [
            0.12569528659699908,
            0.03166994689901965,
            0.01379705458353599,
            0.009104034893766122
        ],
        "brevity_penalty": 1.0,
        "length_ratio": 2.275103525121807,
        "translation_length": 1835574,
        "reference_length": 806809
    },
    "meteor": {
        "meteor": 0.17736475685730888
    },
    "bertscore": {
        "precision": 0.7927983765737074,
        "recall": 0.8186683542760951,
        "f1": 0.8051075135294907,
        "hashcode": "roberta-large_L17_no-idf_version=0.3.12(hug_trans=4.44.0)"
    }
}