{"train/loss": 0.0668, "train/grad_norm": 0.49488821625709534, "train/learning_rate": 0.0, "train/epoch": 20.0, "train/global_step": 29460, "_timestamp": 1723377521.242717, "_runtime": 91750.10747408867, "_step": 81, "eval/loss": 4.775691032409668, "eval/runtime": 602.7687, "eval/samples_per_second": 1.629, "eval/steps_per_second": 1.629, "train_runtime": 91710.3807, "train_samples_per_second": 0.642, "train_steps_per_second": 0.321, "total_flos": 6.320242096550707e+17, "train_loss": 0.3755162885864009, "_wandb": {"runtime": 91749}}