{"train/loss": 1.2839, "train/grad_norm": 1.0630477666854858, "train/learning_rate": 0.0, "train/epoch": 20.0, "train/global_step": 19640, "_timestamp": 1723570797.4780169, "_runtime": 11000.19532585144, "_step": 39323, "eval/loss": 0.801755964756012, "eval/runtime": 68.5301, "eval/samples_per_second": 14.344, "eval/steps_per_second": 4.786, "train_runtime": 10860.5085, "train_samples_per_second": 5.425, "train_steps_per_second": 1.808, "total_flos": 4.034590320623616e+16, "train_loss": 0.7233139842229855, "_wandb": {"runtime": 10999}}