{"rouge": {"rouge1": 0.16047263194622477, "rouge2": 0.08617871064968863, "rougeL": 0.1400202615189809, "rougeLsum": 0.14016174533379822}, "bleu": {"bleu": 0.027720420759076752, "precisions": [0.07337911709886041, 0.025443720159858463, 0.019240874350640157, 0.016436955375938544], "brevity_penalty": 1.0, "length_ratio": 1.962802003535651, "translation_length": 319764, "reference_length": 162912}, "meteor": {"meteor": 0.1572323903445633}, "bertscore": {"precision": 0.7342022401512821, "recall": 0.8181881002346594, "f1": 0.771916008614087, "hashcode": "roberta-large_L17_no-idf_version=0.3.12(hug_trans=4.40.0)"}}