{"rouge": {"rouge1": 0.15289831477972327, "rouge2": 0.08040403153366024, "rougeL": 0.1325185177781219, "rougeLsum": 0.132454071409034}, "bleu": {"bleu": 0.029939920249506678, "precisions": [0.07830101098396271, 0.027749331148632216, 0.02080845435751249, 0.017772267662780963], "brevity_penalty": 1.0, "length_ratio": 1.9240878511098016, "translation_length": 313457, "reference_length": 162912}, "meteor": {"meteor": 0.15751672401594552}, "bertscore": {"precision": 0.7356418861741331, "recall": 0.8176772940680309, "f1": 0.7726087582923874, "hashcode": "roberta-large_L17_no-idf_version=0.3.12(hug_trans=4.40.0)"}}