{
  "rouge": {
    "rouge1": 0.1524408686956551,
    "rouge2": 0.0797770264278993,
    "rougeL": 0.132499162576052,
    "rougeLsum": 0.13240041571837635
  },
  "bleu": {
    "bleu": 0.029939920249506678,
    "precisions": [
      0.07830101098396271, 0.027749331148632216, 0.02080845435751249,
      0.017772267662780963
    ],
    "brevity_penalty": 1.0,
    "length_ratio": 1.9240878511098016,
    "translation_length": 313457,
    "reference_length": 162912
  },
  "meteor": { "meteor": 0.15751672401594552 },
  "bertscore": {
    "precision": 0.7356418861741331,
    "recall": 0.8176772940680309,
    "f1": 0.7726087582923874,
    "hashcode": "roberta-large_L17_no-idf_version=0.3.12(hug_trans=4.40.0)"
  }
}
