{
  "rouge": {
    "rouge1": 0.2469678674969894,
    "rouge2": 0.10627882048613015,
    "rougeL": 0.17827174980735966,
    "rougeLsum": 0.2006358274522442
  },
  "bleu": {
    "bleu": 0.041310598075621346,
    "precisions": [
      0.18552498732724204, 0.047964394787100684, 0.022248505713139164,
      0.0147103736129492
    ],
    "brevity_penalty": 1.0,
    "length_ratio": 1.4652143488509133,
    "translation_length": 238701,
    "reference_length": 162912
  },
  "meteor": { "meteor": 0.23892646276402685 },
  "bertscore": {
    "precision": 0.8211031697410048,
    "recall": 0.8427641928377859,
    "f1": 0.8313933955931834,
    "hashcode": "roberta-large_L17_no-idf_version=0.3.12(hug_trans=4.44.0)"
  }
}
