{"rouge": {"rouge1": 0.11507757265468266, "rouge2": 0.03211107022531119, "rougeL": 0.07502648283806042, "rougeLsum": 0.07502727249667296}, "bleu": {"bleu": 0.028636223048904997, "precisions": [0.09400103996062609, 0.0328453586718179, 0.01754515594764754, 0.012413637131461422], "brevity_penalty": 1.0, "length_ratio": 4.415009330190532, "translation_length": 719258, "reference_length": 162912}, "meteor": {"meteor": 0.17122138030909007}, "bertscore": {"precision": 0.7846185899096128, "recall": 0.8322019423618685, "f1": 0.8073640929597562, "hashcode": "roberta-large_L17_no-idf_version=0.3.12(hug_trans=4.44.0)"}}