{
  "rouge": {
    "rouge1": 0.2604618890297914,
    "rouge2": 0.11606432271372474,
    "rougeL": 0.18970568312428887,
    "rougeLsum": 0.20970981709692432
  },
  "bleu": {
    "bleu": 0.05490106490686662,
    "precisions": [
      0.20421556209701267, 0.06037073482088242, 0.032156101556830775,
      0.022916294043999284
    ],
    "brevity_penalty": 1.0,
    "length_ratio": 1.3908674621881751,
    "translation_length": 226589,
    "reference_length": 162912
  },
  "meteor": { "meteor": 0.251791066783834 },
  "bertscore": {
    "precision": 0.8290967915817292,
    "recall": 0.8441961516805243,
    "f1": 0.8360904961490923,
    "hashcode": "roberta-large_L17_no-idf_version=0.3.12(hug_trans=4.44.0)"
  }
}
