{"rouge": {"rouge1": 0.09558159966128298, "rouge2": 0.025375402926387687, "rougeL": 0.062119097548300584, "rougeLsum": 0.062142645170043864}, "bleu": {"bleu": 0.0226404038997747, "precisions": [0.07531411804944577, 0.026163832969228962, 0.013718769535881352, 0.00971949628667335], "brevity_penalty": 1.0, "length_ratio": 5.7070442938518955, "translation_length": 929746, "reference_length": 162912}, "meteor": {"meteor": 0.1494014555010311}, "bertscore": {"precision": 0.7840661335573555, "recall": 0.8320963847794829, "f1": 0.8070128596447491, "hashcode": "roberta-large_L17_no-idf_version=0.3.12(hug_trans=4.44.0)"}}