{"train/loss": 2.6224, "train/grad_norm": 2.3821139335632324, "train/learning_rate": 0.0, "train/epoch": 0.9655172413793104, "train/global_step": 14, "_timestamp": 1723284304.1426086, "_runtime": 66.91143655776978, "_step": 5, "eval/loss": 2.8653724193573, "eval/runtime": 6.3993, "eval/samples_per_second": 1.563, "eval/steps_per_second": 1.563, "train_runtime": 69.4353, "train_samples_per_second": 0.418, "train_steps_per_second": 0.202, "total_flos": 293558060261376.0, "train_loss": 2.622351510184152, "_wandb": {"runtime": 65}}