epoch,loss
1,0.7560290694236755
2,0.7353714108467102
3,0.727935254573822
4,0.7258579730987549
5,0.7241586446762085
6,0.7247032523155212
7,0.7275674939155579
8,0.7277505993843079
9,0.7290566563606262
10,0.7303259968757629
