{"train/loss": 2.0905, "train/grad_norm": 18.977092742919922, "train/learning_rate": 0.0, "train/epoch": 20.0, "train/global_step": 160, "_timestamp": 1721033465.2864537, "_runtime": 150.44584774971008, "_step": 363, "eval/loss": 3.5348968505859375, "eval/runtime": 0.5497, "eval/samples_per_second": 18.192, "eval/steps_per_second": 1.819, "train_runtime": 140.2134, "train_samples_per_second": 4.137, "train_steps_per_second": 1.141, "total_flos": 303098757120000.0, "train_loss": 1.8558979822439141, "_wandb": {"runtime": 149}}