{"train/loss": 0.452, "train/grad_norm": 0.36245250701904297, "train/learning_rate": 4.989484396200814e-05, "train/epoch": 0.04206241519674356, "train/global_step": 31, "_timestamp": 1723227819.8962195, "_runtime": 35.630112409591675, "_step": 61}