{
    "rouge": {
        "rouge1": 0.0436637334719588,
        "rouge2": 0.007997106846845382,
        "rougeL": 0.038847302349958354,
        "rougeLsum": 0.03877723239589932
    },
    "bleu": {
        "bleu": 0.004420097314997357,
        "precisions": [
            0.0327035086808813,
            0.004309804168228519,
            0.0019333201240122147,
            0.0014007855929621378
        ],
        "brevity_penalty": 1.0,
        "length_ratio": 3.369546422286709,
        "translation_length": 2755423,
        "reference_length": 817743
    },
    "meteor": {
        "meteor": 0.04807844110921408
    },
    "bertscore": {
        "precision": 0.7013507469495137,
        "recall": 0.788595316349858,
        "f1": 0.7414248125240056,
        "hashcode": "roberta-large_L17_no-idf_version=0.3.12(hug_trans=4.40.0)"
    },
    "bartscore": -5.153866055071956
}