{
  "rouge": {
    "rouge1": 0.04067123378406837,
    "rouge2": 0.007002792103343399,
    "rougeL": 0.03668250779742772,
    "rougeLsum": 0.03665447472234939
  },
  "bleu": {
    "bleu": 0.0029199982722341944,
    "precisions": [
      0.021490787256245904, 0.0028438372876615557, 0.0012972591675799554,
      0.0009169519114594785
    ],
    "brevity_penalty": 1.0,
    "length_ratio": 6.165921910663901,
    "translation_length": 2493394,
    "reference_length": 404383
  },
  "meteor": { "meteor": 0.04453874095400852 },
  "bertscore": {
    "precision": 0.6999044987623145,
    "recall": 0.7900651502844922,
    "f1": 0.741415622525985,
    "hashcode": "roberta-large_L17_no-idf_version=0.3.12(hug_trans=4.40.0)"
  },
  "bartscore": -5.51812225199708
}
