{"train/loss": 1.5921, "train/grad_norm": 1.6923023462295532, "train/learning_rate": 0.0, "train/epoch": 20.0, "train/global_step": 14740, "_timestamp": 1721042770.882714, "_runtime": 8563.11245894432, "_step": 29523, "eval/loss": 0.6993361711502075, "eval/runtime": 32.2123, "eval/samples_per_second": 30.516, "eval/steps_per_second": 0.962, "train_runtime": 8507.8526, "train_samples_per_second": 6.925, "train_steps_per_second": 1.733, "total_flos": 4.034590320623616e+16, "train_loss": 0.6769808454119178, "_wandb": {"runtime": 8562}}