{"train/loss": 2.0172, "train/grad_norm": 4.148040771484375, "train/learning_rate": 0.0, "train/epoch": 20.0, "train/global_step": 14740, "_timestamp": 1721051478.439854, "_runtime": 7297.001492023468, "_step": 29523, "eval/loss": 2.8829023838043213, "eval/runtime": 61.1519, "eval/samples_per_second": 16.075, "eval/steps_per_second": 4.023, "train_runtime": 7226.3665, "train_samples_per_second": 8.153, "train_steps_per_second": 2.04, "total_flos": 3.079065305088e+16, "train_loss": 1.6757397215363532, "_wandb": {"runtime": 7296}}