{"train/loss": 0.6215, "train/grad_norm": 0.39024096727371216, "train/learning_rate": 1.3568521031207598e-07, "train/epoch": 20.0, "train/global_step": 14740, "_timestamp": 1720974690.2697017, "_runtime": 12670.654301643372, "_step": 591, "eval/loss": 0.703159511089325, "eval/runtime": 32.417, "eval/samples_per_second": 30.324, "eval/steps_per_second": 0.956, "train_runtime": 12619.9649, "train_samples_per_second": 4.669, "train_steps_per_second": 1.168, "total_flos": 4.034590320623616e+16, "train_loss": 0.7377961262272041, "_wandb": {"runtime": 12667}}